STATE_FIPS,STATE_NAME,YEAR,RETAIL_ESTABLISHMENTS,RETAIL_EMPLOYMENT,RETAIL_ANNUAL_PAYROLL,TOTAL_GDP_ANNUAL,RETAIL_GDP_ANNUAL,RETAIL_GDP_SHARE,RETAIL_EMPLOYMENT_PER_ESTABLISHMENT,RETAIL_PAYROLL_PER_EMPLOYEE,RETAIL_GDP_PER_ESTABLISHMENT,RETAIL_GDP_PER_RETAIL_EMPLOYEE,RETAIL_GDP_SHARE_RANK,RETAIL_EMPLOYMENT_RANK,RETAIL_GDP_PER_EMPLOYEE_RANK
53,Washington,2023,20582,340694,14676970,670977.750000,78892.500000,0.117578414485,16.553007,43.079626,3.833082304927,0.231564101510,1,16,1
06,California,2023,106675,1702044,74363587,3204016.500000,225934.750000,0.070516100651,15.955416,43.690755,2.117972814624,0.132743189953,45,1,2
15,Hawaii,2023,4395,65686,2650894,89642.500000,8639.750000,0.096380065259,14.945620,40.357062,1.965813424346,0.131531072070,12,42,3
36,New York,2023,71941,862844,35860126,1793384.250000,106855.250000,0.059583020203,11.993773,41.560382,1.485317829888,0.123840752210,48,4,4
47,Tennessee,2023,23463,349855,12744228,428276.000000,42283.250000,0.098728973839,14.910924,36.427171,1.802124621745,0.120859356019,7,15,5
49,Utah,2023,10270,178708,6877052,226322.250000,21193.750000,0.093644129112,17.400974,38.482060,2.063656280428,0.118594299080,16,31,6
48,Texas,2023,84369,1382827,52077633,2137537.000000,162165.250000,0.075865470399,16.390226,37.660266,1.922095200844,0.117270815511,34,2,7
09,Connecticut,2023,11696,181494,7261408,283228.500000,21077.500000,0.074418711394,15.517613,40.009080,1.802111833105,0.116133315702,37,30,8
17,Illinois,2023,35801,571091,21187788,884965.250000,65078.500000,0.073537915754,15.951817,37.100546,1.817784419430,0.113954693735,40,6,9
04,Arizona,2023,17844,358161,14297204,427644.000000,40147.000000,0.093879488547,20.071789,39.918372,2.249887917507,0.112092047990,14,13,10
12,Florida,2023,75988,1146619,43447163,1309392.250000,128398.000000,0.098059233205,15.089475,37.891543,1.689714165395,0.111979654968,9,3,11
32,Nevada,2023,9047,164986,6540403,201158.500000,18455.750000,0.091747303743,18.236543,39.642170,2.039985630596,0.111862521669,18,32,12
34,New Jersey,2023,29729,465759,18555445,662320.250000,51255.750000,0.077388166827,15.666824,39.839155,1.724099364257,0.110047792957,33,10,13
08,Colorado,2023,18589,292486,12013323,440225.250000,31547.500000,0.071662177488,15.734359,41.073156,1.697105815267,0.107859863378,42,21,14
16,Idaho,2023,6268,94210,3659021,95286.500000,9942.750000,0.104345841226,15.030313,38.838987,1.586271537971,0.105538159431,5,39,15
13,Georgia,2023,35820,513434,18173256,679447.250000,54167.250000,0.079722524449,14.333724,35.395506,1.512206867672,0.105499927936,29,9,16
26,Michigan,2023,32868,464027,16684429,554556.250000,48291.500000,0.087081337556,14.117896,35.955729,1.469255811123,0.104070452797,22,11,17
24,Maryland,2023,16687,289469,10918489,420558.250000,30041.250000,0.071431840892,17.346977,37.719027,1.800278660035,0.103780542994,43,22,18
39,Ohio,2023,34275,560620,19710820,707996.500000,57911.500000,0.081796308315,16.356528,35.158967,1.689613420861,0.103299026078,26,7,19
02,Alaska,2023,2419,34008,1384303,54184.250000,3503.000000,0.064649782917,14.058702,40.705216,1.448119057462,0.103005175253,47,49,20
44,Rhode Island,2023,3567,49704,1860341,62119.250000,5109.000000,0.082245036764,13.934399,37.428396,1.432296047098,0.102788507967,24,46,21
11,District of Columbia,2023,1653,21170,831314,143179.250000,2156.000000,0.015058047867,12.807018,39.268493,1.304295220811,0.101842229570,51,51,22
22,Louisiana,2023,15868,221758,7440829,248949.500000,22530.500000,0.090502290625,13.975170,33.553824,1.419870178977,0.101599491337,19,25,23
20,Kansas,2023,9580,144418,4804809,180267.500000,14584.750000,0.080906153355,15.074948,33.270153,1.522416492693,0.100989835062,28,34,24
46,South Dakota,2023,3838,54784,1883975,57253.000000,5528.750000,0.096566992123,14.274101,34.389146,1.440528921313,0.100919063960,10,45,25
23,Maine,2023,6039,85258,3295689,75514.000000,8580.000000,0.113621315253,14.117900,38.655481,1.420765027322,0.100635717469,2,40,26
51,Virginia,2023,25872,423568,15045601,599261.000000,42598.000000,0.071084218729,16.371676,35.521099,1.646490414348,0.100569448117,44,12,27
05,Arkansas,2023,10566,144531,4854560,141968.250000,14506.750000,0.102183058536,13.678876,33.588365,1.372965171304,0.100371200642,6,33,28
50,Vermont,2023,2937,37491,1470857,35499.500000,3761.250000,0.105952196510,12.765066,39.232269,1.280643513790,0.100324077779,4,48,29
38,North Dakota,2023,3103,45791,1745432,62114.750000,4529.500000,0.072921488052,14.757009,38.117359,1.459716403481,0.098916817715,41,47,30
56,Wyoming,2023,2674,32123,1219044,39843.250000,3169.250000,0.079542958970,12.013089,37.949258,1.185209424084,0.098659838745,30,50,31
01,Alabama,2023,17877,238329,8139058,248313.500000,23283.000000,0.093764535557,13.331599,34.150515,1.302399731499,0.097692685322,15,24,32
45,South Carolina,2023,18647,269094,9210604,266038.000000,26229.250000,0.098592118419,14.430954,34.228203,1.406620367888,0.097472444573,8,23,33
37,North Carolina,2023,35534,535341,18360510,643045.750000,52116.250000,0.081045944243,15.065599,34.296850,1.466658693083,0.097351501193,27,8,34
28,Mississippi,2023,11303,136728,4320256,119454.250000,13269.000000,0.111080183418,12.096612,31.597449,1.173936123153,0.097046691241,3,35,35
25,Massachusetts,2023,22550,357807,15166692,614786.250000,34546.250000,0.056192294476,15.867273,42.387913,1.531984478936,0.096549955702,49,14,36
54,West Virginia,2023,5696,77727,2533970,80365.000000,7495.250000,0.093265102968,13.645892,32.600898,1.315879564607,0.096430455312,17,41,37
29,Missouri,2023,19971,314186,10822333,346895.500000,30290.250000,0.087318082823,15.732112,34.445625,1.516711732011,0.096408656019,20,18,38
40,Oklahoma,2023,13097,188566,6413457,207072.750000,18042.750000,0.087132420852,14.397648,34.011736,1.377624646866,0.095684004540,21,28,39
33,New Hampshire,2023,5706,95663,3753201,93645.750000,9042.750000,0.096563378477,16.765335,39.233570,1.584779179811,0.094527142155,11,37,40
42,Pennsylvania,2023,40238,650539,22560244,789918.750000,61264.000000,0.077557343714,16.167280,34.679311,1.522540881754,0.094174215535,32,5,41
27,Minnesota,2023,17727,306468,10713640,389864.750000,28859.250000,0.074023747979,17.288204,34.958430,1.627982738196,0.094167254004,39,20,42
18,Indiana,2023,21015,335879,11809556,400369.500000,31258.750000,0.078074753447,15.982822,35.160150,1.487449440876,0.093065508710,31,17,43
31,Nebraska,2023,6925,110079,3727580,147146.500000,10053.250000,0.068321366801,15.895884,33.862771,1.451732851986,0.091327592002,46,36,44
55,Wisconsin,2023,18044,312489,10839167,347108.500000,28403.500000,0.081828880595,17.318167,34.686555,1.574124362669,0.090894399483,25,19,45
41,Oregon,2023,13800,214932,8391635,258023.250000,19403.000000,0.075198649734,15.574783,39.043209,1.406014492754,0.090275063741,36,27,46
21,Kentucky,2023,15020,215414,7447231,226942.500000,19385.250000,0.085419214118,14.341811,34.571713,1.290629161119,0.089990669130,23,26,47
30,Montana,2023,4706,62888,2376879,58605.000000,5639.750000,0.096233256548,13.363366,37.795430,1.198416914577,0.089679271085,13,43,48
35,New Mexico,2023,6382,95261,3368486,114059.000000,8453.500000,0.074115150931,14.926512,35.360599,1.324584769665,0.088740407932,38,38,49
19,Iowa,2023,10970,187097,5883109,201360.250000,15214.250000,0.075557365468,17.055333,31.444165,1.386896080219,0.081317444962,35,29,50
10,Delaware,2023,3742,62102,2301980,82091.000000,4484.250000,0.054625354789,16.595938,37.067727,1.198356493854,0.072207819394,50,44,51
